{"researcher_name": "Guillermo Campitelli", "researcher_institution": "Murdoch University", "researcher_caption": "Verified email at murdoch.edu.au", "researcher_image_url": "https://scholar.googleusercontent.com/citations?view_op=view_photo&user=86V0RSQAAAAJ&citpid=4", "researcher_citations": {"all": "3576", "since2018": "2045"}, "researcher_hindex": {"all": "27", "since2018": "22"}, "researcher_i10index": {"all": "35", "since2018": "31"}, "researcher_papers": [{"paper_title": "Deliberate practice: Is that all it takes to become an expert?", "paper_authors": "DZ Hambrick, FL Oswald, EM Altmann, EJ Meinz, F Gobet, G Campitelli", "paper_journal": "Intelligence 45, 34-45, 2014", "paper_citedby": "530", "paper_year": "2014"}, {"paper_title": "Does the cognitive reflection test measure cognitive reflection? A mathematical modeling approach", "paper_authors": "G Campitelli, P Gerrans", "paper_journal": "Memory & cognition 42, 434-447, 2014", "paper_citedby": "269", "paper_year": "2014"}, {"paper_title": "The role of domain-specific practice, handedness, and starting age in chess.", "paper_authors": "F Gobet, G Campitelli", "paper_journal": "Developmental psychology 43 (1), 159, 2007", "paper_citedby": "265", "paper_year": "2007"}, {"paper_title": "Deliberate practice: Necessary but not sufficient", "paper_authors": "G Campitelli, F Gobet", "paper_journal": "Current directions in psychological science 20 (5), 280-285, 2011", "paper_citedby": "255", "paper_year": "2011"}, {"paper_title": "Correlations of cognitive reflection with judgments and choices", "paper_authors": "G Campitelli, M Labollita", "paper_journal": "Judgment and Decision making 5 (3), 182-191, 2010", "paper_citedby": "215", "paper_year": "2010"}, {"paper_title": "The relationship between personal financial wellness and financial wellbeing: A structural equation modelling approach", "paper_authors": "P Gerrans, C Speelman, G Campitelli", "paper_journal": "Journal of Family and Economic Issues 35, 145-160, 2014", "paper_citedby": "197", "paper_year": "2014"}, {"paper_title": "Herbert Simon's decision-making approach: Investigation of cognitive processes in experts", "paper_authors": "G Campitelli, F Gobet", "paper_journal": "Review of general psychology 14 (4), 354-364, 2010", "paper_citedby": "182", "paper_year": "2010"}, {"paper_title": "The relationship between cognitive ability and chess skill: A comprehensive meta-analysis", "paper_authors": "AP Burgoyne, G Sala, F Gobet, BN Macnamara, G Campitelli, ...", "paper_journal": "Intelligence 59, 72-83, 2016", "paper_citedby": "163", "paper_year": "2016"}, {"paper_title": "Educational benefits of chess instruction: A critical review", "paper_authors": "F Gobet, G Campitelli", "paper_journal": "University of Texas. Chess Program, 2006", "paper_citedby": "127", "paper_year": "2006"}, {"paper_title": "Beyond born versus made: A new look at expertise", "paper_authors": "DZ Hambrick, BN Macnamara, G Campitelli, F Ull\u00e9n, MA Mosing", "paper_journal": "Psychology of learning and motivation 64, 1-55, 2016", "paper_citedby": "113", "paper_year": "2016"}, {"paper_title": "The role of practice in chess: A longitudinal study", "paper_authors": "G Campitelli, F Gobet", "paper_journal": "Learning and individual differences 18 (4), 446-458, 2008", "paper_citedby": "112", "paper_year": "2008"}, {"paper_title": "Brain localization of memory chunks in chessplayers", "paper_authors": "G Campitelli, F Gobet, K Head, M Buckley, A Parker", "paper_journal": "International Journal of Neuroscience 117 (12), 1641-1659, 2007", "paper_citedby": "101", "paper_year": "2007"}, {"paper_title": "The assessment of emotional reactivity across negative and positive emotions: Development and validation of the Perth Emotional Reactivity Scale (PERS)", "paper_authors": "R Becerra, D Preece, G Campitelli, G Scott-Pillow", "paper_journal": "Assessment 26 (5), 867-879, 2019", "paper_citedby": "82", "paper_year": "2019"}, {"paper_title": "Adaptive expert decision making: Skilled chess players search more and deeper", "paper_authors": "G Campitelli, F Gobet", "paper_journal": "ICGA Journal 27 (4), 209-216, 2004", "paper_citedby": "79", "paper_year": "2004"}, {"paper_title": "Expertise modulates the neural basis of context dependent recognition of objects and their relations", "paper_authors": "M Bilali\u0107, L Turella, G Campitelli, M Erb, W Grodd", "paper_journal": "Human brain mapping 33 (11), 2728-2740, 2012", "paper_citedby": "74", "paper_year": "2012"}, {"paper_title": "Expertise in complex decision making: The role of search in chess 70 years after de Groot", "paper_authors": "MH Connors, BD Burns, G Campitelli", "paper_journal": "Cognitive science 35 (8), 1567-1579, 2011", "paper_citedby": "71", "paper_year": "2011"}, {"paper_title": "Emotional reactivity: Critical analysis and proposal of a new scale", "paper_authors": "R Becerra, G Campitelli", "paper_journal": "International Journal of Applied Psychology 3 (6), 161-168, 2013", "paper_citedby": "70", "paper_year": "2013"}, {"paper_title": "Structure and stimulus familiarity: a study of memory in chess-players with functional magnetic resonance imaging", "paper_authors": "G Campitelli, F Gobet, A Parker", "paper_journal": "The Spanish journal of psychology 8 (2), 238-245, 2005", "paper_citedby": "69", "paper_year": "2005"}, {"paper_title": "Accounting for expert performance: The devil is in the details", "paper_authors": "DZ Hambrick, EM Altmann, FL Oswald, EJ Meinz, F Gobet, G Campitelli", "paper_journal": "Intelligence 45, 112-114, 2014", "paper_citedby": "60", "paper_year": "2014"}, {"paper_title": "The mind's eye in blindfold chess", "paper_authors": "G Campitelli, F Gobet", "paper_journal": "European Journal of Cognitive Psychology 17 (1), 23-45, 2005", "paper_citedby": "48", "paper_year": "2005"}, {"paper_title": "The science of expertise", "paper_authors": "DZ Hambrick, G Campitelli, BN Macnamara", "paper_journal": "New York, NY: Routledge, 2018", "paper_citedby": "44", "paper_year": "2018"}, {"paper_title": "Checking the \u201cAcademic Selection\u201d argument. Chess players outperform non-chess players in cognitive skills related to intelligence: A meta-analysis", "paper_authors": "G Sala, AP Burgoyne, BN Macnamara, DZ Hambrick, G Campitelli, ...", "paper_journal": "Intelligence 61, 130-139, 2017", "paper_citedby": "44", "paper_year": "2017"}, {"paper_title": "Rise of human intelligence: Comments on Howard (1999)", "paper_authors": "F Gobet, G Campitelli, AJ Waters", "paper_journal": "Intelligence 30 (4), 303-311, 2002", "paper_citedby": "44", "paper_year": "2002"}, {"paper_title": "Intelligence and chess", "paper_authors": "F Gobet, G Campitelli", "paper_journal": "Editions Universitaires, Fribourg, 2002", "paper_citedby": "37", "paper_year": "2002"}, {"paper_title": "Assessing emotional reactivity: Psychometric properties of the Perth Emotional Reactivity Scale and the development of a short form", "paper_authors": "D Preece, R Becerra, G Campitelli", "paper_journal": "Journal of Personality Assessment 101 (6), 589-597, 2019", "paper_citedby": "36", "paper_year": "2019"}, {"paper_title": "Mental models for the negation of conjunctions and disjunctions", "paper_authors": "G Macbeth, E Razumiejczyk, MC Crivello, C Bolz\u00e1n, CI Pereyra Girardi, ...", "paper_journal": "PsychOpen, 2014", "paper_citedby": "31", "paper_year": "2014"}, {"paper_title": "Effects of immediacy of feedback on estimations and performance", "paper_authors": "P Fajfar, G Campitelli, M Labollita", "paper_journal": "Australian Journal of Psychology 64 (3), 169-177, 2012", "paper_citedby": "28", "paper_year": "2012"}, {"paper_title": "Explaining the SPoARC and SNARC effects with knowledge structures: An expertise account", "paper_authors": "A Guida, G Campitelli", "paper_journal": "Psychonomic bulletin & review 26, 434-451, 2019", "paper_citedby": "22", "paper_year": "2019"}, {"paper_title": "Cognitive Processes and Development of Chess Genius: An Integrative Approach", "paper_authors": "G Campitelli, F Gobet, M Bilali\u0107", "paper_journal": "The Wiley handbook of genius, 350-374, 2014", "paper_citedby": "22", "paper_year": "2014"}, {"paper_title": "Psychological perspectives on expertise", "paper_authors": "G Campitelli, MH Connors, M Bilali\u0107, DZ Hambrick", "paper_journal": "Frontiers in psychology 6, 258, 2015", "paper_citedby": "21", "paper_year": "2015"}, {"paper_title": "Left lateralization in autobiographical memory: An fMRI study using the expert archival paradigm", "paper_authors": "G Campitelli, A Parker, K Head, F Gobet", "paper_journal": "International Journal of Neuroscience 118 (2), 191-209, 2008", "paper_citedby": "20", "paper_year": "2008"}, {"paper_title": "14 Studies of the Activation and Structural Changes of the Brain Associated with Expertise", "paper_authors": "M Bilalic\u0301, G Campitelli", "paper_journal": "The Cambridge handbook of expertise and expert performance, 233, 2018", "paper_citedby": "19", "paper_year": "2018"}, {"paper_title": "Integration of perceptual input and visual imagery in chess players: Evidence from eye movements.", "paper_authors": "G Campitelli, F Gobet, G Williams, A Parker", "paper_journal": "Swiss Journal of Psychology/Schweizerische Zeitschrift f\u00fcr Psychologie/Revue\u00a0\u2026, 2007", "paper_citedby": "15", "paper_year": "2007"}, {"paper_title": "Three strategies for the critical use of statistical methods in psychological research", "paper_authors": "G Campitelli, G Macbeth, R Ospina, F Marmolejo-Ramos", "paper_journal": "Educational and Psychological Measurement 77 (5), 881-895, 2017", "paper_citedby": "14", "paper_year": "2017"}, {"paper_title": "Memory behavior requires knowledge structures, not memory stores", "paper_authors": "G Campitelli", "paper_journal": "Frontiers in Psychology 6, 1696, 2015", "paper_citedby": "14", "paper_year": "2015"}, {"paper_title": "Expertise and the representation of space", "paper_authors": "MH Connors, G Campitelli", "paper_journal": "Frontiers in psychology 5, 270, 2014", "paper_citedby": "9", "paper_year": "2014"}, {"paper_title": "Psicolog\u00eda y neurociencia cognitiva: hacia un marco te\u00f3rico integrador", "paper_authors": "G Campitelli", "paper_journal": "XIV Jornadas de investigaci\u00f3n y tercer encuentro de investigadores en\u00a0\u2026, 2007", "paper_citedby": "9", "paper_year": "2007"}, {"paper_title": "Expertise paradigms for investigating the neural substrates of stable memories", "paper_authors": "G Campitelli, C Speelman", "paper_journal": "Frontiers in Human Neuroscience 7, 740, 2013", "paper_citedby": "7", "paper_year": "2013"}, {"paper_title": "Becoming an expert: Ontogeny of expertise as an example of neural reuse", "paper_authors": "A Guida, G Campitelli, F Gobet", "paper_journal": "Behavioral and Brain Sciences 39, e123, 2016", "paper_citedby": "6", "paper_year": "2016"}, {"paper_title": "Answering research questions without calculating the mean", "paper_authors": "G Campitelli", "paper_journal": "Frontiers in Psychology 6, 1379, 2015", "paper_citedby": "6", "paper_year": "2015"}, {"paper_title": "The abstraction effect on logic rules application", "paper_authors": "GE Macbeth, E Razumiejczyk, GJ Campitelli", "paper_journal": "Georgian Technical University, 2013", "paper_citedby": "6", "paper_year": "2013"}, {"paper_title": "Neural implementation of expertise", "paper_authors": "M Bilali\u0107, R Langner, G Campitelli, L Turella, W Grodd", "paper_journal": "Frontiers in Human Neuroscience 9, 545, 2015", "paper_citedby": "5", "paper_year": "2015"}, {"paper_title": "Hierarchical graphical Bayesian models in psychology", "paper_authors": "G Campitelli, G Macbeth", "paper_journal": "Revista Colombiana de Estad\u00edstica 37 (2), 319-339, 2014", "paper_citedby": "5", "paper_year": "2014"}, {"paper_title": "Cognitive and neuronal bases of expertise", "paper_authors": "G Campitelli", "paper_journal": "University of Nottingham, 2003", "paper_citedby": "5", "paper_year": "2003"}, {"paper_title": "\u201cThe relationship between cognitive ability and chess skill: A comprehensive meta-analysis\u201d: Corrigendum.", "paper_authors": "AP Burgoyne, G Sala, F Gobet, BN Macnamara, G Campitelli, ...", "paper_journal": "Elsevier Science, 2018", "paper_citedby": "4", "paper_year": "2018"}, {"paper_title": "Relevancia de la introspecci\u00f3n para el reconocimiento de las leyes l\u00f3gicas de Augustus DeMorgan", "paper_authors": "G Macbeth, E Razumiejczyk, G Campitelli", "paper_journal": "Bolet\u00edn de Psicolog\u00eda 101 (1), 67-79, 2011", "paper_citedby": "4", "paper_year": "2011"}, {"paper_title": "Retiring Statistical Significance from Psychology and Expertise Research", "paper_authors": "G Campitelli", "paper_journal": "Journal of Expertise 2 (4), 21-223, 2019", "paper_citedby": "3", "paper_year": "2019"}, {"paper_title": "Introduction: A brief history of the science of expertise and overview of the book", "paper_authors": "DZ Hambrick, G Campitelli, BN Macnamara", "paper_journal": "The Science of Expertise, 1-9, 2017", "paper_citedby": "3", "paper_year": "2017"}, {"paper_title": "Cognitive processes in chess", "paper_authors": "G Campitelli", "paper_journal": "The Science of Expertise, 31-46, 2017", "paper_citedby": "2", "paper_year": "2017"}, {"paper_title": "Relevance of introspection on recognising Augustus DeMorgan\u2019s logic laws", "paper_authors": "G Macbeth, E Razumiejczyk, G Campitelli", "paper_journal": "Boletin de Psicologia (Psychology Bulletin) 101, 67-79, 2011", "paper_citedby": "2", "paper_year": "2011"}, {"paper_title": "The Science of Expertise", "paper_authors": "G Campitelli, DZ Hambrick, B Macnamara", "paper_journal": "New York and London: Routledge, 2018", "paper_citedby": "1", "paper_year": "2018"}, {"paper_title": "Introduction to the special issue: current directions in expertise research", "paper_authors": "G Campitelli, DZ Hambrick", "paper_journal": "Journal of Expertise 1 (2), 103-104, 2018", "paper_citedby": "1", "paper_year": "2018"}, {"paper_title": "Introducing the Journal of Expertise", "paper_authors": "DZ Hambrick, G Campitelli", "paper_journal": "Journal of Expertise 1, 1-5, 2018", "paper_citedby": "1", "paper_year": "2018"}, {"paper_title": "Working memory, thinking, and expertise", "paper_authors": "DZ Hambrick, AP Burgoyne, G Campitelli, BN Macnamara", "paper_journal": "The Routledge International Handbook of Thinking and Reasoning, 268-288, 2017", "paper_citedby": "1", "paper_year": "2017"}, {"paper_title": "Video game experience improves sustained and divided attention but does not affect resistance to cognitive fatigue", "paper_authors": "J Brooks, CP Speelman, G Campitelli", "paper_journal": "PeerJ PrePrints, 2015", "paper_citedby": "1", "paper_year": "2015"}, {"paper_title": "Expertise and the Illusion of Expertise in Gambling", "paper_authors": "G Campitelli, C Speelman", "paper_journal": "Problem Gambling: Cognition, Prevention and Treatment, 41-60, 2014", "paper_citedby": "1", "paper_year": "2014"}, {"paper_title": "Effects of immediacy of feedback on confidence and performance", "paper_authors": "P Fajfar, G Campitelli, M Labollita", "paper_journal": "Edith Cowan University, Perth, Australia, 2010", "paper_citedby": "1", "paper_year": "2010"}, {"paper_title": "K. Anders Ericsson October 23, 1947\u2013June 17, 2020", "paper_authors": "DZ Hambrick, G Campitelli", "paper_journal": "Journal of Expertise 3 (2), 2020", "paper_citedby": "", "paper_year": "2020"}, {"paper_title": "Journal of Expertise", "paper_authors": "DZ Hambrick, G Campitelli", "paper_journal": "Michigan State University, Department of Psychology, 2018", "paper_citedby": "", "paper_year": "2018"}, {"paper_title": "An introductory tutorial on Bayesian inference using a simple pedagogical tool", "paper_authors": "G Campitelli", "paper_journal": "PsyArXiv, 2017", "paper_citedby": "", "paper_year": "2017"}, {"paper_title": "The relationship between general cognitive abilities and chess expertise as a function of age: A mathematical simulation", "paper_authors": "G Campitelli", "paper_journal": "", "paper_citedby": "", "paper_year": "2017"}, {"paper_title": "Ense\u00f1anza de ajedrez escolar y flexibilidad cognitiva en ni\u00f1os de 12 a\u00f1os.", "paper_authors": "S Fosacheca, II Ricle, G Campitelli, G Kamenetzky, C Basantes, ...", "paper_journal": "Revista Argentina de Ciencias del Comportamiento (RACC) 8 (1), 164-165, 2016", "paper_citedby": "", "paper_year": "2016"}, {"paper_title": "The radical expertise thesis in consciousness research: The case of chess players\u2019 imagery", "paper_authors": "G Campitelli", "paper_journal": "", "paper_citedby": "", "paper_year": "2016"}, {"paper_title": "Bilali c M and Hambrick DZ (2015) Psychological perspectives on expertise. Front. Psychol. 6: 258. doi: 10.3389/fpsyg. 2015.00258", "paper_authors": "G Campitelli, MH Connors", "paper_journal": "Psychological perspectives on expertise Guillermo Campitelli 1, 2015", "paper_citedby": "", "paper_year": "2015"}, {"paper_title": "Does chess practice improve intelligence or intelligent people succeed at chess?", "paper_authors": "G Campitelli", "paper_journal": "", "paper_citedby": "", "paper_year": "2014"}, {"paper_title": "A mathematical model of the cognitive reflection test", "paper_authors": "G Campitelli, P Gerrans", "paper_journal": "", "paper_citedby": "", "paper_year": "2013"}, {"paper_title": "The use of simple heuristics on inferential judgements", "paper_authors": "G Campitelli, MA Dimase, C Speelman", "paper_journal": "", "paper_citedby": "", "paper_year": "2012"}, {"paper_title": "Improving Decision Making: The use of simple heuristics", "paper_authors": "G Campitelli", "paper_journal": "Graduate Research School, Edith Cowan University, Perth, Western Australia, 2012", "paper_citedby": "", "paper_year": "2012"}, {"paper_title": "Book Review: Straight Choices: The Psychology of Decision Making. By Benjamin R. Newell, David A. Lagnado, & David R. Shanks. New York: Psychology Press, 2007.", "paper_authors": "G Campitelli", "paper_journal": "Journal of Behavioral Decision Making 25 (2), 210-211, 2012", "paper_citedby": "", "paper_year": "2012"}, {"paper_title": "Past feedback and anticipation of feedback in judgements about own performance", "paper_authors": "G Campitelli, M Bilali\u0107, G Macbeth", "paper_journal": "", "paper_citedby": "", "paper_year": "2011"}, {"paper_title": "The role of overconfidence on problem gambling", "paper_authors": "G Campitelli, C Speelman", "paper_journal": "", "paper_citedby": "", "paper_year": "2011"}, {"paper_title": "The relationship between Psychology and Economics: The case of Behavioural Finance", "paper_authors": "G Campitelli", "paper_journal": "Graduate Research School, Edith Cowan University, Perth, Western Australia, 2011", "paper_citedby": "", "paper_year": "2011"}, {"paper_title": "The role of overconfidence on power gambling", "paper_authors": "G Campitelli, C Speelman", "paper_journal": "Brunel University, 2011", "paper_citedby": "", "paper_year": "2011"}, {"paper_title": "The influence of expertise and ecological factors in decision making", "paper_authors": "G Campitelli, S Amorena, G Dalvit, V Gallo, MB Ortiz, M Labollita", "paper_journal": "", "paper_citedby": "", "paper_year": "2009"}, {"paper_title": "The contribution of research with chess players to the rationality debate", "paper_authors": "G Campitelli", "paper_journal": "", "paper_citedby": "", "paper_year": "2009"}, {"paper_title": "How chess players make decisions", "paper_authors": "G Campitelli", "paper_journal": "", "paper_citedby": "", "paper_year": "2009"}, {"paper_title": "Chess, cognitive processes and intelligence", "paper_authors": "G Campitelli", "paper_journal": "", "paper_citedby": "", "paper_year": "2009"}, {"paper_title": "A critical review of educational benefits of chess instruction", "paper_authors": "G Campitelli, F Gobet", "paper_journal": "Artmed, 2007", "paper_citedby": "", "paper_year": "2007"}, {"paper_title": "PSYCHOLOGY AND COGNITIVE NEUROSCIENCE: TOWARDS AN INTEGRATIVE FRAMEWORK.", "paper_authors": "G Campitelli", "paper_journal": "", "paper_citedby": "", "paper_year": "2007"}, {"paper_title": "Computational models of the development of perceptual expertise", "paper_authors": "F Gobet, G Campitelli, PCR Lane", "paper_journal": "", "paper_citedby": "", "paper_year": "2007"}, {"paper_title": "Chess experts activate fewer frontal and parietal areas than non-experts in a recognition task with chess stimuli", "paper_authors": "G Campitelli, F Gobet, A Parker", "paper_journal": "", "paper_citedby": "", "paper_year": "2003"}, {"paper_title": "From questionnaires to fMRI: A paradigm for the study of cognitive processes", "paper_authors": "G Campitelli, F Gobet, A Parker", "paper_journal": "", "paper_citedby": "", "paper_year": "2003"}, {"paper_title": "Chess experts require less brain activity than non-experts in a recognition task with chess stimuli", "paper_authors": "G Campitelli, F Gobet, A Parker", "paper_journal": "", "paper_citedby": "", "paper_year": "2003"}, {"paper_title": "De cuestionarios a resonancia magn\u00e9tica funcional (fMRI) en expertos. Un paradigma para el estudio de processos cognitivos (From questionnaires to functional magnetic resonance\u00a0\u2026", "paper_authors": "G Campitelli, F Gobet, A Parker", "paper_journal": "Universidad de Buenos Aires: Facultad de Psichologia, 2003", "paper_citedby": "", "paper_year": "2003"}, {"paper_title": "Interference produced by visual perception over imagery in chess players", "paper_authors": "G Campitelli, F Gobet", "paper_journal": "", "paper_citedby": "", "paper_year": "2002"}, {"paper_title": "Memory in chess. Levels of processing or presentation time?", "paper_authors": "G Campitelli", "paper_journal": "Anuario de Investigaciones de la Facultad de Psicologia, Universidad de\u00a0\u2026, 1999", "paper_citedby": "", "paper_year": "1999"}, {"paper_title": "Perceptual interference in a memory task with chess players", "paper_authors": "G Campitelli", "paper_journal": "", "paper_citedby": "", "paper_year": "1999"}, {"paper_title": "Levels of processing in chess players: An experimental design", "paper_authors": "G Campitelli", "paper_journal": "", "paper_citedby": "", "paper_year": "1998"}, {"paper_title": "Convergence of research in memory and chess", "paper_authors": "G Campitelli", "paper_journal": "", "paper_citedby": "", "paper_year": "1997"}, {"paper_title": "Bases of chess training", "paper_authors": "G Campitelli", "paper_journal": "", "paper_citedby": "", "paper_year": "1996"}, {"paper_title": "Cognitive processes in chess players", "paper_authors": "G Campitelli", "paper_journal": "", "paper_citedby": "", "paper_year": "1996"}, {"paper_title": "Psychological perspectives on expertise", "paper_authors": "DZ Hambrick, M Bilalic, MH Connors, G Campitelli", "paper_journal": "DOAB Directory of Open Access Books, 0", "paper_citedby": "", "paper_year": ""}, {"paper_title": "Beneficios educativos de la ense\u00f1anza del ajedrez: Una revisi\u00f3n cr\u00edtica", "paper_authors": "F Gobet, G Campitelli", "paper_journal": "", "paper_citedby": "", "paper_year": ""}, {"paper_title": "Expertise and Memory", "paper_authors": "G Campitelli, DZ Hambrick, A Guida, G Campitelli", "paper_journal": "", "paper_citedby": "", "paper_year": ""}, {"paper_title": "Estudios cognitivos acerca de la experticia ajedrec\u00edstica", "paper_authors": "G Campitelli", "paper_journal": "Miradas interdisciplinarias sobre el ajedrez, 177, 0", "paper_citedby": "", "paper_year": ""}, {"paper_title": "2. Development of chess expertise", "paper_authors": "G Campitelli", "paper_journal": "", "paper_citedby": "", "paper_year": ""}, {"paper_title": "RELEVANCIA DE LA INTROSPECCI\u00d3N PARA EL RECONOCIMIENTO DE LAS", "paper_authors": "LLDEA DeMORGAN, G Macbeth, E Razumiejczyk, G Campitelli", "paper_journal": "", "paper_citedby": "", "paper_year": ""}, {"paper_title": "Commentary of the book \u201cAfter Phrenology\u201d", "paper_authors": "ML Anderson, A Guida, G Campitelli, F Gobet", "paper_journal": "", "paper_citedby": "", "paper_year": ""}, {"paper_title": "De cuestionarios a resonancia magn\u00e9tica funcional (fMRI) en expertos. Un paradigma para el estudio de procesos cognitivos", "paper_authors": "G Campitelli, F Gobet, A Parker", "paper_journal": "", "paper_citedby": "", "paper_year": ""}, {"paper_title": "Expertise in Complex Decision Making: The Role of Search in Chess 70 Years after de Groot Michael H. Connors and Bruce D. Burns University of Sydney", "paper_authors": "G Campitelli", "paper_journal": "", "paper_citedby": "", "paper_year": ""}, {"paper_title": "Individual differences in decision making: The role of cognitive reflection", "paper_authors": "G Campitelli, M Labollita, S Amorena, G Dalvit, MB Ortiz", "paper_journal": "", "paper_citedby": "", "paper_year": ""}, {"paper_title": "Is the Deliberate Practice View of Expert Performance Defensible? Commentary on Ericsson, Krampe, and Tesch-R\u00f6mer (1993)", "paper_authors": "DZ Hambrick, FL Oswald, EJ Meinz, F Gobet, G Campitelli", "paper_journal": "", "paper_citedby": "", "paper_year": ""}, {"paper_title": "BOOK REVIEW Decisions, Uncertainty, and the Brain: The Science of Neuroeconomics. Paul W. Glimcher. Publisher: MIT Press. Hardback: Published March 2003, 400pp,\u00a3 25.50.", "paper_authors": "F Gobet, G Campitelli", "paper_journal": "", "paper_citedby": "", "paper_year": ""}, {"paper_title": "Tercer encuentro Nacional de Intercambio Cient\u00edfico de Psicolog\u00eda de Universidades de Gesti\u00f3n Privada. UVAPSI-CRUP 2009", "paper_authors": "G Campitelli, S Amorena, G Dalvit, V Gallo, MB Ortiz, M Labollita", "paper_journal": "", "paper_citedby": "", "paper_year": ""}, {"paper_title": "El aporte de los estudios psicol\u00f3gicos con ajedrecistas al debate de la racionalidad.", "paper_authors": "G Campitelli", "paper_journal": "", "paper_citedby": "", "paper_year": ""}, {"paper_title": "El desarrollo y la adquisici\u00f3n de habilidades expertas: Un estudio correlacional", "paper_authors": "G Campitelli, F Gobet", "paper_journal": "", "paper_citedby": "", "paper_year": ""}, {"paper_title": "PSICOLOG\u00cdA Y NEUROCIENCIA COGNITIVA: HACIA UN MARCO", "paper_authors": "G Campitelli", "paper_journal": "Psychologist 51, 59-60, 0", "paper_citedby": "", "paper_year": ""}, {"paper_title": "El rol de la edad, la pr\u00e1ctica y la lateralidad en la adquisici\u00f3n de habilidades expertas", "paper_authors": "G Campitelli, F Gobet", "paper_journal": "", "paper_citedby": "", "paper_year": ""}], "researcher_coauthors": [{"coauthor_name": "Fernand Gobet", "coauthor_title": "Professorial Research Fellow, London School of Economics and Political Science", "coauthor_link": "https://scholar.google.ca/citations?user=jeJqwKsAAAAJ&hl=en"}, {"coauthor_name": "David Z. Hambrick", "coauthor_title": "Professor, Department of Psychology, Michigan State University", "coauthor_link": "https://scholar.google.ca/citations?user=S2gh4RMAAAAJ&hl=en"}, {"coauthor_name": "Brooke Macnamara", "coauthor_title": "Case Western Reserve University", "coauthor_link": "https://scholar.google.ca/citations?user=Z89cQb4AAAAJ&hl=en"}, {"coauthor_name": "Craig Speelman", "coauthor_title": "Professor of Psychology, Edith Cowan University", "coauthor_link": "https://scholar.google.ca/citations?user=z-PCGYoAAAAJ&hl=en"}, {"coauthor_name": "Merim Bilalic", "coauthor_title": "Northumbria University", "coauthor_link": "https://scholar.google.ca/citations?user=-p44Jc0AAAAJ&hl=en"}, {"coauthor_name": "Frederick L. Oswald", "coauthor_title": "Rice University", "coauthor_link": "https://scholar.google.ca/citations?user=jWlqGZcAAAAJ&hl=en"}, {"coauthor_name": "Paul Gerrans", "coauthor_title": "Professor of Finance, University of Western Australia", "coauthor_link": "https://scholar.google.ca/citations?user=YUn41LsAAAAJ&hl=en"}, {"coauthor_name": "Erik Altmann", "coauthor_title": "Professor, Department of Psychology, Michigan State University", "coauthor_link": "https://scholar.google.ca/citations?user=r0MkvOMAAAAJ&hl=en"}, {"coauthor_name": "Alexander P. Burgoyne", "coauthor_title": "Research Scientist II, Attention & Working Memory Lab at Georgia Tech", "coauthor_link": "https://scholar.google.ca/citations?user=jG8HQQgAAAAJ&hl=en"}, {"coauthor_name": "Rodrigo Becerra", "coauthor_title": "Assoc Prof, University of Western Australia", "coauthor_link": "https://scholar.google.ca/citations?user=QXn9zdEAAAAJ&hl=en"}, {"coauthor_name": "Michael H. Connors", "coauthor_title": "UNSW Sydney", "coauthor_link": "https://scholar.google.ca/citations?user=O4XZ_S0AAAAJ&hl=en"}, {"coauthor_name": "Luca Turella", "coauthor_title": "CIMeC - University of Trento", "coauthor_link": "https://scholar.google.ca/citations?user=lLQbCOcAAAAJ&hl=en"}, {"coauthor_name": "Giovanni Sala", "coauthor_title": "National Center for Geriatric & Gerontology", "coauthor_link": "https://scholar.google.ca/citations?user=Efzur8UAAAAJ&hl=en"}, {"coauthor_name": "Alessandro Guida", "coauthor_title": "Associate Professor of Cognitive Psychology, Universit\u00e9 Rennes 2", "coauthor_link": "https://scholar.google.ca/citations?user=i1ZiR5UAAAAJ&hl=en"}, {"coauthor_name": "Fredrik Ullen", "coauthor_title": "Max Planck Institute for Empirical Aesthetics", "coauthor_link": "https://scholar.google.ca/citations?user=IUjGllIAAAAJ&hl=en"}, {"coauthor_name": "Robert Langner", "coauthor_title": "Institute of Systems Neuroscience, Heinrich Heine University D\u00fcsseldorf", "coauthor_link": "https://scholar.google.ca/citations?user=q_X-IPoAAAAJ&hl=en"}, {"coauthor_name": "Raydonal Ospina", "coauthor_title": "Associate Professor/ Federal University of Bahia / Federal University of Pernambuco", "coauthor_link": "https://scholar.google.ca/citations?user=ccctHkQAAAAJ&hl=en"}, {"coauthor_name": "Fernando Marmolejo-Ramos", "coauthor_title": "Centre for Change and Complexity in Learning | The University of South Australia", "coauthor_link": "https://scholar.google.ca/citations?user=oW_RqF8AAAAJ&hl=en"}]}